id,name,genre,reviews,rating,songs,seconds,genre_black,genre_death,genre_deathcore,genre_doom,genre_folk,genre_gothic,genre_grindcore,genre_heavy,genre_metalcore,genre_power,genre_progressive,genre_symphonic,genre_thrash,word_count,word_count_uniq,words_per_song,words_per_song_uniq,seconds_per_song,word_rate,word_rate_uniq,unique_first_words,N,types,TTR,logTTR,MTLD,logMTLD,vocd-D,logvocd-D
19417,Galneryus,Neoclassical Power Metal,30,87.42,87,30872,0,0,0,0,0,0,0,0,0,1,0,0,0,20167,1519,231.8,17.46,354.9,0.6532,0.0492,888,20167,1519,0.07532,0.7391,127.4,4.847,77.46,4.35
2289,DragonForce,Power Metal,114,76,58,21675,0,0,0,0,0,0,0,0,0,1,0,0,0,16508,1457,284.6,25.12,373.7,0.7616,0.06722,1100,16508,1457,0.08826,0.75,213.1,5.362,85.61,4.45
4975,Twisted Sister,Heavy Metal/Hard Rock,28,77.33,55,13535,0,0,0,0,0,0,0,1,0,0,0,0,0,12147,1293,220.9,23.51,246.1,0.8975,0.09553,1101,12147,1293,0.1064,0.7618,57.58,4.053,101.2,4.617
163,Dio,Heavy Metal,81,82,93,26524,0,0,0,0,0,0,0,1,0,0,0,0,0,16452,1528,176.9,16.43,285.2,0.6203,0.05761,1111,16452,1528,0.09288,0.7552,127.8,4.851,97.07,4.575
1006,Within Temptation,"Symphonic Metal (early), Symphonic/Alternative Rock (later)",55,70.71,65,19575,0,0,0,0,0,0,0,0,0,0,0,1,0,13931,1305,214.3,20.08,301.2,0.7117,0.06667,1127,13931,1305,0.09368,0.7518,135.8,4.911,97.8,4.583
16095,Dokken,"Heavy Metal, Hard Rock",35,66.91,111,28138,0,0,0,0,0,0,0,1,0,0,0,0,0,19295,1635,173.8,14.73,253.5,0.6857,0.05811,1132,19295,1635,0.08474,0.7499,124.3,4.823,95.11,4.555
3123,Mystic Prophecy,Power/Speed/Thrash Metal,31,76.5,97,25084,0,0,0,0,0,0,0,0,0,1,0,0,1,15074,1366,155.4,14.08,258.6,0.6009,0.05446,1133,15074,1366,0.09062,0.7504,152.4,5.026,77.05,4.344
34543,Powerwolf,Power Metal,39,80.14,67,16661,0,0,0,0,0,0,0,0,0,1,0,0,0,11912,1262,177.8,18.84,248.7,0.715,0.07575,1144,11912,1262,0.1059,0.7608,79.84,4.38,57.94,4.059
342,U.D.O.,Heavy Metal,27,81.62,154,40177,0,0,0,0,0,0,0,1,0,0,0,0,0,24955,2715,162,17.63,260.9,0.6211,0.06758,1166,24955,2715,0.1088,0.7809,160,5.075,100.8,4.613
91003,Carnifex,Deathcore,33,64.33,58,12033,0,0,1,0,0,0,0,0,0,0,0,0,0,10543,1225,181.8,21.12,207.5,0.8762,0.1018,1198,10543,1225,0.1162,0.7676,164.1,5.101,97.84,4.583
54764,Bloodbound,Heavy/Power Metal,32,76.43,76,19545,0,0,0,0,0,0,0,1,0,1,0,0,0,14790,1538,194.6,20.24,257.2,0.7567,0.07869,1213,14790,1538,0.104,0.7643,129.5,4.864,74.86,4.316
198,Accept,Heavy Metal,89,78.07,140,38557,0,0,0,0,0,0,0,1,0,0,0,0,0,26973,2650,192.7,18.93,275.4,0.6996,0.06873,1225,26973,2650,0.09825,0.7726,106.9,4.672,100.1,4.606
626,Saxon,"NWOBHM, Heavy Metal",111,76,200,53755,0,0,0,0,0,0,0,1,0,0,0,0,0,36560,2859,182.8,14.29,268.8,0.6801,0.05319,1257,36560,2859,0.0782,0.7574,113.6,4.733,97.43,4.579
81757,Stryper,"Heavy Metal, Hard Rock",36,72.82,107,26086,0,0,0,0,0,0,0,1,0,0,0,0,0,12451,1491,116.4,13.93,243.8,0.4773,0.05716,1260,12451,1491,0.1197,0.7749,137,4.92,93.07,4.533
1746,Axel Rudi Pell,Heavy/Power Metal,38,85.56,127,46501,0,0,0,0,0,0,0,1,0,1,0,0,0,19320,1860,152.1,14.65,366.1,0.4155,0.04,1261,19320,1860,0.09627,0.7628,127,4.844,88.46,4.483
124,Lacuna Coil,Gothic Metal/Rock (early); Alternative Rock (later),81,62.11,99,24312,0,0,0,0,0,1,0,0,0,0,0,0,0,14905,1605,150.6,16.21,245.6,0.6131,0.06602,1267,14905,1605,0.1077,0.7681,128.6,4.856,92.67,4.529
603,Freedom Call,Power Metal,39,76.3,112,29951,0,0,0,0,0,0,0,0,0,1,0,0,0,21535,1803,192.3,16.1,267.4,0.719,0.0602,1286,21535,1803,0.08372,0.7514,133.5,4.894,80.92,4.393
182,Mercyful Fate,Heavy Metal,56,87.43,60,17813,0,0,0,0,0,0,0,1,0,0,0,0,0,10808,1336,180.1,22.27,296.9,0.6067,0.075,1294,10808,1336,0.1236,0.7749,139.9,4.941,98.37,4.589
221,Gamma Ray,Power/Speed Metal,109,80.55,110,34848,0,0,0,0,0,0,0,0,0,1,0,0,0,25795,2137,234.5,19.43,316.8,0.7402,0.06132,1307,25795,2137,0.08285,0.7548,167,5.118,96.63,4.571
3,Blind Guardian,"Speed Metal (early), Power Metal (later)",193,84.64,132,38090,0,0,0,0,0,0,0,0,0,1,0,0,0,34705,2535,262.9,19.2,288.6,0.9111,0.06655,1321,34705,2535,0.07304,0.7497,247.2,5.51,110.9,4.709
255,King Diamond,Heavy Metal,116,85.45,121,31425,0,0,0,0,0,0,0,1,0,0,0,0,0,22372,2013,184.9,16.64,259.7,0.7119,0.06406,1325,22372,2013,0.08998,0.7596,195.1,5.274,105.3,4.657
192,Sonata Arctica,Power Metal,122,73.89,90,27186,0,0,0,0,0,0,0,0,0,1,0,0,0,27580,2787,306.4,30.97,302.1,1.014,0.1025,1344,27580,2787,0.1011,0.7758,216.8,5.379,99.99,4.605
6494,Mors Principium Est,Melodic Death Metal,27,86.17,52,14453,0,1,0,0,0,0,0,0,0,0,0,0,0,10210,1362,196.3,26.19,277.9,0.7064,0.09424,1344,10210,1362,0.1334,0.7818,178.7,5.185,92.25,4.525
170,Edguy,Power Metal,72,76.18,107,36509,0,0,0,0,0,0,0,0,0,1,0,0,0,22935,2522,214.3,23.57,341.2,0.6282,0.06908,1345,22935,2522,0.11,0.7801,171.5,5.145,96.46,4.569
827,The Berzerker,Industrial Death Metal/Grindcore,29,77.4,50,8290,0,1,0,0,0,0,1,0,0,0,0,0,0,10513,1425,210.3,28.5,165.8,1.268,0.1719,1372,10513,1425,0.1355,0.7842,187.5,5.234,98.96,4.595
201,HammerFall,Heavy/Power Metal,96,73.09,103,29300,0,0,0,0,0,0,0,1,0,1,0,0,0,20716,2246,201.1,21.81,284.5,0.707,0.07666,1375,20716,2246,0.1084,0.7765,161.8,5.086,101.9,4.624
943,Loudness,Heavy Metal,32,77.29,97,27400,0,0,0,0,0,0,0,1,0,0,0,0,0,14902,1784,153.6,18.39,282.5,0.5439,0.06511,1376,14902,1784,0.1197,0.7791,150.5,5.014,104.7,4.651
245,Black Label Society,Southern/Groove Metal,30,74.5,95,24013,0,0,0,0,0,0,0,0,0,0,0,0,0,10186,1388,107.2,14.61,252.8,0.4242,0.0578,1378,10186,1388,0.1363,0.784,128.7,4.858,116.3,4.756
32,Rhapsody of Fire,Symphonic Power Metal,38,78.67,55,20447,0,0,0,0,0,0,0,0,0,1,0,1,0,12634,1643,229.7,29.87,371.8,0.6179,0.08035,1384,12634,1643,0.13,0.784,185.1,5.221,118.1,4.771
3540257585,Blaze Bayley,Heavy Metal,30,81.17,63,17877,0,0,0,0,0,0,0,1,0,0,0,0,0,12174,1582,193.2,25.11,283.8,0.681,0.08849,1390,12174,1582,0.1299,0.7831,162.3,5.09,101.1,4.616
3075,Killswitch Engage,Metalcore,71,66.86,73,16380,0,0,0,0,0,0,0,0,1,0,0,0,0,11216,1503,153.6,20.59,224.4,0.6847,0.09176,1397,11216,1503,0.134,0.7845,148.8,5.003,97.35,4.578
1283,All That Remains,Metalcore/Melodic Death Metal (early); Metalcore/Melodic Hard Rock (later),42,55.75,88,20180,0,1,0,0,0,0,0,0,1,0,0,0,0,15783,1770,179.4,20.11,229.3,0.7821,0.08771,1399,15783,1770,0.1121,0.7737,132.9,4.89,106.3,4.666
195,Ozzy Osbourne,Heavy Metal,114,69.1,87,25705,0,0,0,0,0,0,0,1,0,0,0,0,0,17010,1949,195.5,22.4,295.5,0.6617,0.07582,1426,17010,1949,0.1146,0.7776,134.8,4.904,106.3,4.666
544,W.A.S.P.,Heavy Metal/Hard Rock,74,83.33,108,32046,0,0,0,0,0,0,0,1,0,0,0,0,0,19072,1879,176.6,17.4,296.7,0.5951,0.05863,1441,19072,1879,0.09852,0.7649,129.9,4.867,84.96,4.442
1388,Evergrey,Progressive/Power Metal,54,75.73,112,32791,0,0,0,0,0,0,0,0,0,1,1,0,0,19459,2012,173.7,17.96,292.8,0.5934,0.06136,1450,19459,2012,0.1034,0.7702,162,5.087,94.74,4.551
216,Stratovarius,Melodic Power Metal,141,78,132,44263,0,0,0,0,0,0,0,0,0,1,0,0,0,19785,2037,149.9,15.43,335.3,0.447,0.04602,1454,19785,2037,0.103,0.7702,185.6,5.223,100.8,4.613
1129,Raven,"NWOBHM, Speed Metal",28,78.6,126,31306,0,0,0,0,0,0,0,0,0,0,0,0,0,20147,2186,159.9,17.35,248.5,0.6436,0.06983,1455,20147,2186,0.1085,0.7759,148,4.997,97.63,4.581
331,Avantasia,Symphonic Power Metal,63,75.67,65,22218,0,0,0,0,0,0,0,0,0,1,0,1,0,18247,2138,280.7,32.89,341.8,0.8213,0.09623,1460,18247,2138,0.1172,0.7815,189.9,5.247,93.87,4.542
1039,Budgie,Heavy Metal/Hard Rock/Progressive Rock,27,70.1,77,22700,0,0,0,0,0,0,0,1,0,0,1,0,0,10350,1498,134.4,19.45,294.8,0.4559,0.06599,1463,10350,1498,0.1447,0.7909,147.5,4.994,98.01,4.585
1019,Graveworm,Melodic Black/Gothic Metal,26,67.22,65,19686,1,0,0,0,0,1,0,0,0,0,0,0,0,12147,1598,186.9,24.58,302.9,0.617,0.08117,1465,12147,1598,0.1316,0.7843,251.2,5.526,86.41,4.459
20825,As I Lay Dying,Metalcore,44,77.14,79,16973,0,0,0,0,0,0,0,0,1,0,0,0,0,11799,1603,149.4,20.29,214.8,0.6952,0.09444,1468,11799,1603,0.1359,0.7871,136.1,4.914,116.3,4.756
83,Manowar,Heavy/Power Metal,154,74.45,83,25220,0,0,0,0,0,0,0,1,0,1,0,0,0,16627,1790,200.3,21.57,303.9,0.6593,0.07098,1468,16627,1790,0.1077,0.7707,183.8,5.214,98.46,4.59
98854,Underoath,"Metalcore (early), Alternative Rock/Post-Hardcore/Metalcore (later)",35,53.17,58,16203,0,0,0,0,0,0,0,0,1,0,0,0,0,11193,1525,193,26.29,279.4,0.6908,0.09412,1473,11193,1525,0.1362,0.7862,181.4,5.2,101.2,4.617
2025,Firewind,Heavy/Power Metal,39,77.12,73,19901,0,0,0,0,0,0,0,1,0,1,0,0,0,11422,1627,156.5,22.29,272.6,0.5739,0.08175,1478,11422,1627,0.1424,0.7914,166.4,5.115,113.2,4.729
96,Hypocrisy,Death Metal (early); Melodic Death Metal (later),72,84.17,118,31446,0,1,0,0,0,0,0,0,0,0,0,0,0,17900,2102,151.7,17.81,266.5,0.5692,0.06684,1479,17900,2102,0.1174,0.7813,199.1,5.294,99.78,4.603
1029,Primal Fear,Speed/Power Metal,62,78.67,129,37154,0,0,0,0,0,0,0,0,0,1,0,0,0,20680,2213,160.3,17.16,288,0.5566,0.05956,1486,20680,2213,0.107,0.7751,174.8,5.164,103.9,4.644
313,Brainstorm,Power Metal,32,80.55,107,30709,0,0,0,0,0,0,0,0,0,1,0,0,0,16297,1920,152.3,17.94,287,0.5307,0.06252,1486,16297,1920,0.1178,0.7795,347.7,5.851,98.28,4.588
159,Helloween,Power/Speed Metal,188,78.69,164,48991,0,0,0,0,0,0,0,0,0,1,0,0,0,32309,2923,197,17.82,298.7,0.6595,0.05966,1502,32309,2923,0.09047,0.7686,129.8,4.866,123.3,4.815
96618,DevilDriver,Nu-Metal (early); Groove/Melodic Death Metal (later),48,67.71,77,19220,0,1,0,0,0,0,0,0,0,0,0,0,0,15395,1942,199.9,25.22,249.6,0.801,0.101,1505,15395,1942,0.1261,0.7853,120.8,4.794,110.5,4.705
1393,Sirenia,Symphonic/Gothic Metal,51,76.33,85,27195,0,0,0,0,0,1,0,0,0,0,0,1,0,12430,1704,146.2,20.05,319.9,0.4571,0.06266,1512,12430,1704,0.1371,0.7892,222.1,5.403,103,4.635
12613,Swallow the Sun,Melodic Doom/Death Metal,49,85.86,65,28236,0,1,0,1,0,0,0,0,0,0,0,0,0,12193,1619,187.6,24.91,434.4,0.4318,0.05734,1515,12193,1619,0.1328,0.7854,230.3,5.44,91.49,4.516
2028,Mercenary,Melodic Death/Power Metal,34,86,67,22485,0,1,0,0,0,0,0,0,0,1,0,0,0,12468,1754,186.1,26.18,335.6,0.5545,0.07801,1533,12468,1754,0.1407,0.792,190.5,5.249,93.43,4.537
99,Black Sabbath,Heavy/Doom Metal,330,81.17,127,39434,0,0,0,1,0,0,0,1,0,0,0,0,0,23386,2330,184.1,18.35,310.5,0.593,0.05909,1537,23386,2330,0.09963,0.7707,192.7,5.261,99.36,4.599
1067,Six Feet Under,"Death/Groove Metal, Death 'n' Roll",98,59,129,27279,0,1,0,0,0,0,0,0,0,0,0,0,0,21215,2314,164.5,17.94,211.5,0.7777,0.08483,1540,21215,2314,0.1091,0.7776,159.7,5.074,97.01,4.575
503,Anathema,"Doom/Death Metal (early), Progressive/Alternative Rock (later)",81,79.92,99,32571,0,1,0,1,0,0,0,0,0,0,1,0,0,11111,1604,112.2,16.2,329,0.3411,0.04925,1542,11111,1604,0.1444,0.7922,137,4.92,95.26,4.557
169,Anthrax,Speed/Thrash Metal; Groove Metal,107,76.11,91,27825,0,0,0,0,0,0,0,0,0,0,0,0,1,22339,2208,245.5,24.26,305.8,0.8028,0.07935,1543,22339,2208,0.09884,0.7689,127.7,4.849,108.4,4.686
189,Fear Factory,"Industrial/Death Metal (early), Groove/Industrial Metal (later)",89,68.9,101,26333,0,1,0,0,0,0,0,0,0,0,0,0,0,12795,1906,126.7,18.87,260.7,0.4859,0.07238,1546,12795,1906,0.149,0.7987,81.3,4.398,130.7,4.873
329,Iron Savior,Speed/Power Metal,52,84.44,89,26435,0,0,0,0,0,0,0,0,0,1,0,0,0,18216,1976,204.7,22.2,297,0.6891,0.07475,1553,18216,1976,0.1085,0.7736,199.7,5.297,89.94,4.499
1020,Grave,Death Metal,56,76.36,94,25193,0,1,0,0,0,0,0,0,0,0,0,0,0,12529,1852,133.3,19.7,268,0.4973,0.07351,1554,12529,1852,0.1478,0.7974,244.4,5.499,110.5,4.705
887,Kataklysm,"Death Metal (early), Melodic Death Metal (later)",47,69.42,91,23475,0,1,0,0,0,0,0,0,0,0,0,0,0,13325,1827,146.4,20.08,258,0.5676,0.07783,1554,13325,1827,0.1371,0.7908,207.5,5.335,97.54,4.58
93943,Krokus,"Progressive Rock (early), Heavy Metal/Hard Rock (later)",27,70.8,84,20952,0,0,0,0,0,0,0,1,0,0,1,0,0,12184,1693,145,20.15,249.4,0.5815,0.0808,1556,12184,1693,0.139,0.7902,129.3,4.862,110.7,4.707
125,Metallica,Thrash Metal (early); Hard Rock (mid); Heavy/Thrash Metal (later),272,71.22,89,33422,0,0,0,0,0,0,0,1,0,0,0,0,1,19078,2317,214.4,26.03,375.5,0.5708,0.06933,1572,19078,2317,0.1214,0.7861,122.3,4.807,125.1,4.829
1657,Skid Row,"Heavy Metal, Hard Rock",36,59.8,56,12739,0,0,0,0,0,0,0,1,0,0,0,0,0,11492,1642,205.2,29.32,227.5,0.9021,0.1289,1577,11492,1642,0.1429,0.7919,112.2,4.721,98.21,4.587
22,Children of Bodom,Melodic Death/Power Metal,159,72.33,72,18460,0,1,0,0,0,0,0,0,0,1,0,0,0,11805,1724,164,23.94,256.4,0.6395,0.09339,1577,11805,1724,0.146,0.7948,254.4,5.539,103,4.635
812,Tad Morose,"Progressive Metal (early), Power/Heavy Metal (later)",31,84.12,77,22266,0,0,0,0,0,0,0,1,0,1,1,0,0,10189,1617,132.3,21,289.2,0.4576,0.07262,1591,10189,1617,0.1587,0.8006,284.7,5.651,100.8,4.613
193,Savatage,"Heavy/Power Metal, Progressive Metal/Rock",87,78.6,93,25844,0,0,0,0,0,0,0,1,0,1,1,0,0,20471,2409,220.1,25.9,277.9,0.7921,0.09321,1602,20471,2409,0.1177,0.7844,205.9,5.327,110.1,4.702
678,Vicious Rumors,"Heavy/Power Metal, Groove Metal",29,82.4,99,26635,0,0,0,0,0,0,0,1,0,1,0,0,0,15039,2143,151.9,21.65,269,0.5646,0.08046,1604,15039,2143,0.1425,0.7974,214.6,5.369,109.4,4.695
703,Shadows Fall,"Melodic Death Metal (early), Metalcore (later)",43,80.29,64,18030,0,1,0,0,0,0,0,0,1,0,0,0,0,10480,1652,163.8,25.81,281.7,0.5813,0.09163,1612,10480,1652,0.1576,0.8004,233.9,5.455,112.3,4.721
6716,Epica,Symphonic Metal,49,80.29,58,19956,0,0,0,0,0,0,0,0,0,0,0,1,0,15419,2251,265.8,38.81,344.1,0.7726,0.1128,1617,15419,2251,0.146,0.8005,239.6,5.479,118.3,4.773
359,Unleashed,Death Metal,58,76.42,134,28325,0,1,0,0,0,0,0,0,0,0,0,0,0,15073,1992,112.5,14.87,211.4,0.5321,0.07033,1619,15073,1992,0.1322,0.7896,170.5,5.139,109.7,4.698
557,Catamenia,"Melodic Black Metal (early), Melodic Death/Gothic Metal (later)",37,74.22,75,19716,1,1,0,0,0,1,0,0,0,0,0,0,0,10268,1649,136.9,21.99,262.9,0.5208,0.08364,1621,10268,1649,0.1606,0.802,275.5,5.619,107.9,4.681
116989,Alestorm,Folk/Power Metal,51,80.4,44,12222,0,0,0,0,1,0,0,0,0,1,0,0,0,10700,1678,243.2,38.14,277.8,0.8755,0.1373,1623,10700,1678,0.1568,0.8003,171.3,5.144,99.59,4.601
1103,Exciter,Speed Metal,40,72.88,70,18884,0,0,0,0,0,0,0,0,0,0,0,0,0,10309,1668,147.3,23.83,269.8,0.5459,0.08833,1625,10309,1668,0.1618,0.8029,137,4.92,107.4,4.677
166,Kamelot,Progressive/Melodic Power Metal,90,77.91,115,29835,0,0,0,0,0,0,0,0,0,1,1,0,0,19755,2347,171.8,20.41,259.4,0.6621,0.07867,1628,19755,2347,0.1188,0.7846,217.9,5.384,96.93,4.574
288,Novembers Doom,Death/Doom Metal,32,82.7,81,28678,0,1,0,1,0,0,0,0,0,0,0,0,0,14245,1966,175.9,24.27,354,0.4967,0.06855,1631,14245,1966,0.138,0.7929,271.8,5.605,95.44,4.558
1541,Holy Moses,Speed/Thrash Metal,37,75.8,97,21326,0,0,0,0,0,0,0,0,0,0,0,0,1,15189,2255,156.6,23.25,219.9,0.7122,0.1057,1637,15189,2255,0.1485,0.8019,175.3,5.166,110.1,4.702
51,Sigh,Black/Avant-garde Metal,54,87,70,25380,1,0,0,0,0,0,0,0,0,0,0,0,0,15199,2050,217.1,29.29,362.6,0.5989,0.08077,1639,15199,2050,0.1349,0.7919,201.5,5.306,95.77,4.562
900,Rage,Heavy/Speed/Power Metal,85,81.7,200,56064,0,0,0,0,0,0,0,1,0,1,0,0,0,34115,3059,170.6,15.29,280.3,0.6085,0.05456,1644,34115,3059,0.08967,0.7689,203.1,5.314,116.5,4.758
26,Soilwork,"Melodic Death Metal (early), Metalcore/Melodic Groove Metal (later)",103,71.45,119,29916,0,1,0,0,0,0,0,0,1,0,0,0,0,24455,2771,205.5,23.29,251.4,0.8175,0.09263,1650,24455,2771,0.1133,0.7845,220.7,5.397,117.2,4.764
6,Katatonia,"Doom/Death Metal (early), Depressive Rock/Metal (later)",139,84.1,100,29257,0,1,0,1,0,0,0,0,0,0,0,0,0,11184,1759,111.8,17.59,292.6,0.3823,0.06012,1651,11184,1759,0.1573,0.8016,282.6,5.644,102.3,4.628
484,Sabaton,Power Metal,78,75.89,95,22331,0,0,0,0,0,0,0,0,0,1,0,0,0,17382,2276,183,23.96,235.1,0.7784,0.1019,1656,17382,2276,0.1309,0.7918,244.2,5.498,116.3,4.756
94,Therion,"Death Metal (early), Symphonic/Operatic Metal (later)",100,77.64,130,38279,0,1,0,0,0,0,0,0,0,0,0,1,0,15897,2264,122.3,17.42,294.5,0.4153,0.05914,1667,15897,2264,0.1424,0.7985,200.7,5.302,79.56,4.376
105,Virgin Steele,"Heavy Metal/Hard Rock (early), Heavy/Power Metal (later)",46,72.88,74,23412,0,0,0,0,0,0,0,1,0,1,0,0,0,14086,2175,190.4,29.39,316.4,0.6017,0.0929,1673,14086,2175,0.1544,0.8044,257.7,5.552,103.5,4.64
132,The Crown,Melodic Death/Thrash Metal,30,79.17,56,14274,0,1,0,0,0,0,0,0,0,0,0,0,1,13393,2149,239.2,38.38,254.9,0.9383,0.1506,1678,13393,2149,0.1605,0.8074,230.7,5.441,110.4,4.704
538,Angra,Power/Progressive Metal,74,89.38,71,23374,0,0,0,0,0,0,0,0,0,1,1,0,0,12146,1809,171.1,25.48,329.2,0.5196,0.07739,1683,12146,1809,0.1489,0.7975,275.8,5.62,107.7,4.679
25,Iron Maiden,"Heavy Metal, NWOBHM",394,79.06,145,52673,0,0,0,0,0,0,0,1,0,0,0,0,0,34699,3374,239.3,23.27,363.3,0.6588,0.06406,1683,34699,3374,0.09724,0.7771,160.4,5.077,105.5,4.659
260,Nocturnal Rites,"Death Metal (early), Power Metal (later)",53,80.89,88,23298,0,1,0,0,0,0,0,0,0,1,0,0,0,11006,1738,125.1,19.75,264.8,0.4724,0.0746,1685,11006,1738,0.1579,0.8017,254.2,5.538,104.1,4.646
391,Grave Digger,"Speed Metal (early), Heavy/Power Metal (later)",123,80.71,159,43197,0,0,0,0,0,0,0,1,0,1,0,0,0,22984,2495,144.6,15.69,271.7,0.5321,0.05776,1686,22984,2495,0.1086,0.7789,155.9,5.049,113.9,4.735
246,Corrosion of Conformity,Crossover/Sludge/Southern Metal,51,75.67,91,20214,0,0,0,0,0,0,0,0,0,0,0,0,0,12555,2048,138,22.51,222.1,0.6211,0.1013,1687,12555,2048,0.1631,0.8079,254,5.537,128.2,4.854
6795,Trivium,"Metalcore, Thrash/Heavy Metal",69,67.75,86,24481,0,0,0,0,0,0,0,1,1,0,0,0,1,17274,2145,200.9,24.94,284.7,0.7056,0.08762,1690,17274,2145,0.1242,0.7862,112.2,4.72,115,4.745
168,Overkill,Thrash Metal; Thrash/Groove Metal,204,78.65,154,47540,0,0,0,0,0,0,0,0,0,0,0,0,1,32332,3256,209.9,21.14,308.7,0.6801,0.06849,1698,32332,3256,0.1007,0.7789,183.6,5.213,110.5,4.705
150,Amon Amarth,Melodic Death Metal,166,80.27,100,29514,0,1,0,0,0,0,0,0,0,0,0,0,0,19677,2458,196.8,24.58,295.1,0.6667,0.08328,1699,19677,2458,0.1249,0.7896,306.8,5.726,126.7,4.842
70,Testament,Thrash Metal,168,72.45,98,26938,0,0,0,0,0,0,0,0,0,0,0,0,1,18229,2462,186,25.12,274.9,0.6767,0.0914,1699,18229,2462,0.1351,0.7959,233.8,5.454,119.2,4.781
44,Nevermore,"Power/Thrash Metal (early), Groove/Progressive Metal (later)",111,78.57,68,21330,0,0,0,0,0,0,0,0,0,1,1,0,1,11967,1899,176,27.93,313.7,0.561,0.08903,1706,11967,1899,0.1587,0.804,191.8,5.256,103.8,4.642
140,Annihilator,Technical Speed/Thrash Metal (early); Groove/Thrash Metal (later),172,69.12,154,45425,0,0,0,0,0,0,0,0,0,0,0,0,1,25270,2932,164.1,19.04,295,0.5563,0.06455,1719,25270,2932,0.116,0.7875,210.9,5.351,101.4,4.619
1427,Ayreon,Progressive Metal/Rock,46,85.14,79,26063,0,0,0,0,0,0,0,0,0,0,1,0,0,17116,2351,216.7,29.76,329.9,0.6567,0.0902,1723,17116,2351,0.1374,0.7963,131.4,4.878,110.7,4.707
759,Wolf,Heavy Metal,30,87.29,66,18645,0,0,0,0,0,0,0,1,0,0,0,0,0,10538,1771,159.7,26.83,282.5,0.5652,0.09499,1733,10538,1771,0.1681,0.8075,225.4,5.418,103.5,4.64
335,Machine Head,"Groove/Thrash Metal, Nu-Metal",123,54.22,93,30569,0,0,0,0,0,0,0,0,0,0,0,0,1,21452,3009,230.7,32.35,328.7,0.7018,0.09843,1741,21452,3009,0.1403,0.8031,215.3,5.372,113.9,4.735
100482,Whitechapel,Deathcore,69,48.33,57,13333,0,0,1,0,0,0,0,0,0,0,0,0,0,11873,1870,208.3,32.81,233.9,0.8905,0.1403,1744,11873,1870,0.1575,0.803,225.1,5.417,101,4.615
547,Pain of Salvation,Progressive Rock/Metal,51,84,78,26228,0,0,0,0,0,0,0,0,0,0,1,0,0,20170,2441,258.6,31.29,336.3,0.769,0.09307,1753,20170,2441,0.121,0.7869,201.4,5.305,125.7,4.834
379,Manilla Road,Epic Heavy/Power Metal,88,85.83,151,52942,0,0,0,0,0,0,0,1,0,1,0,0,0,20469,2674,135.6,17.71,350.6,0.3866,0.05051,1758,20469,2674,0.1306,0.795,250.8,5.525,88.22,4.48
106,Edge of Sanity,Progressive Death Metal,40,77.86,57,17339,0,1,0,0,0,0,0,0,0,0,1,0,0,11311,1892,198.4,33.19,304.2,0.6523,0.1091,1783,11311,1892,0.1673,0.8084,320.7,5.77,104.7,4.651
242,God Dethroned,Blackened Death Metal,31,85.4,78,21598,0,1,0,0,0,0,0,0,0,0,0,0,0,11905,2007,152.6,25.73,276.9,0.5512,0.09293,1783,11905,2007,0.1686,0.8103,198.6,5.291,105.3,4.657
387,Elvenking,Melodic Power/Folk Metal,75,74.4,107,31740,0,0,0,0,1,0,0,0,0,1,0,0,0,28642,3477,267.7,32.5,296.6,0.9024,0.1095,1788,28642,3477,0.1214,0.7945,259.8,5.56,100.7,4.612
37,Dream Theater,Progressive Metal,192,77.38,114,50203,0,0,0,0,0,0,0,0,0,0,1,0,0,26488,3201,232.4,28.08,440.4,0.5276,0.06376,1790,26488,3201,0.1208,0.7925,310.6,5.739,120.9,4.795
1350,Necrophobic,Death/Black Metal,48,86,75,21936,1,1,0,0,0,0,0,0,0,0,0,0,0,13969,2301,186.3,30.68,292.5,0.6368,0.1049,1801,13969,2301,0.1647,0.811,354.3,5.87,95.42,4.558
32861,Scar Symmetry,Melodic Death/Groove Metal,43,76.67,60,16728,0,1,0,0,0,0,0,0,0,0,0,0,0,12303,2083,205.1,34.72,278.8,0.7355,0.1245,1802,12303,2083,0.1693,0.8114,230.9,5.442,129.1,4.86
14633,Anubis Gate,Progressive/Power Metal,26,88,66,23825,0,0,0,0,0,0,0,0,0,1,1,0,0,11555,1991,175.1,30.17,361,0.485,0.08357,1805,11555,1991,0.1723,0.812,237.7,5.471,112.5,4.723
151,My Dying Bride,"Doom/Death Metal (early), Gothic/Doom Metal (later)",125,79.31,103,48284,0,1,0,1,0,1,0,0,0,0,0,0,0,15737,2457,152.8,23.85,468.8,0.3259,0.05089,1806,15737,2457,0.1561,0.8078,479.7,6.173,116.5,4.758
371,Metal Church,Heavy/Power/Thrash Metal,80,80.27,103,32436,0,0,0,0,0,0,0,1,0,1,0,0,1,19002,2579,184.5,25.04,314.9,0.5858,0.07951,1814,19002,2579,0.1357,0.7973,246.3,5.507,109.5,4.696
78,Sepultura,"Death/Thrash Metal (early), Nu-Metal, Groove/Thrash Metal (later)",180,67.93,151,35926,0,1,0,0,0,0,0,0,0,0,0,0,1,18917,2621,125.3,17.36,237.9,0.5266,0.07296,1814,18917,2621,0.1386,0.7993,229.9,5.438,128.5,4.856
1209,Prong,"Crossover/Thrash Metal (early, later); Groove/Industrial Metal (mid)",25,68.67,95,21081,0,0,0,0,0,0,0,0,0,0,0,0,1,15427,2299,162.4,24.2,221.9,0.7318,0.1091,1823,15427,2299,0.149,0.8026,92,4.522,102.3,4.628
172,Symphony X,Progressive Power Metal,133,84.56,74,28586,0,0,0,0,0,0,0,0,0,1,1,0,0,14581,2223,197,30.04,386.3,0.5101,0.07777,1823,14581,2223,0.1525,0.8038,237.9,5.472,112.3,4.722
77,Pantera,"Glam/Heavy Metal (early), Groove Metal (later)",155,71.33,88,23032,0,0,0,0,0,0,0,1,0,0,0,0,0,12930,2241,146.9,25.47,261.7,0.5614,0.0973,1824,12930,2241,0.1733,0.8149,207.3,5.334,118.3,4.773
184,Bathory,"Black/Viking Metal, Thrash Metal",162,80.91,87,26320,1,0,0,0,0,0,0,0,0,0,0,0,1,16351,2587,187.9,29.74,302.5,0.6212,0.09829,1829,16351,2587,0.1582,0.81,290.5,5.672,102.6,4.631
365,Paragon,Power/Speed Metal,26,84.27,96,28773,0,0,0,0,0,0,0,0,0,1,0,0,0,13731,2194,143,22.85,299.7,0.4772,0.07625,1832,13731,2194,0.1598,0.8075,366.4,5.904,87.76,4.475
191,Paradise Lost,"Doom/Death Metal, Gothic Metal/Rock",123,81.47,153,40406,0,1,0,1,0,1,0,0,0,0,0,0,0,16034,2417,104.8,15.8,264.1,0.3968,0.05982,1835,16034,2417,0.1507,0.8046,176.8,5.175,118.2,4.773
1392,Deceased,Death/Thrash/Heavy Metal,31,88.6,45,14295,0,1,0,0,0,0,0,1,0,0,0,0,1,12174,2116,270.5,47.02,317.7,0.8516,0.148,1854,12174,2116,0.1738,0.814,354.1,5.869,114.9,4.744
59780,Ministry,New Wave (early); Industrial/Electronic (mid); Industrial Rock/Metal (later),35,75.8,76,24026,0,0,0,0,0,0,0,0,0,0,0,0,0,10402,1883,136.9,24.78,316.1,0.4329,0.07837,1859,10402,1883,0.181,0.8152,114.3,4.738,127.2,4.846
548,Jag Panzer,Heavy/Power Metal,50,78.33,88,25059,0,0,0,0,0,0,0,1,0,1,0,0,0,14778,2348,167.9,26.68,284.8,0.5897,0.0937,1864,14778,2348,0.1589,0.8084,264.4,5.578,132.5,4.886
983,Faith No More,Avant-garde/Alternative/Heavy Metal,51,82.57,75,18254,0,0,0,0,0,0,0,1,0,0,0,0,0,10254,1892,136.7,25.23,243.4,0.5617,0.1036,1866,10254,1892,0.1845,0.817,203.5,5.316,110.8,4.708
4431,Nightrage,Melodic Death Metal,31,78.29,73,17631,0,1,0,0,0,0,0,0,0,0,0,0,0,10136,1880,138.8,25.75,241.5,0.5749,0.1066,1869,10136,1880,0.1855,0.8173,262.6,5.571,102.4,4.629
344,Impaled Nazarene,Black Metal,41,82.83,128,22305,1,0,0,0,0,0,0,0,0,0,0,0,0,13514,2368,105.6,18.5,174.3,0.6059,0.1062,1871,13514,2368,0.1752,0.8169,273.3,5.61,129.7,4.865
568,Dark Moor,Power Metal,37,69.78,65,20332,0,0,0,0,0,0,0,0,0,1,0,0,0,10745,1974,165.3,30.37,312.8,0.5285,0.09709,1879,10745,1974,0.1837,0.8175,268.1,5.591,105.3,4.656
4,Iced Earth,Power/Thrash Metal,131,74.9,89,28590,0,0,0,0,0,0,0,0,0,1,0,0,1,16683,2585,187.4,29.04,321.2,0.5835,0.09042,1884,16683,2585,0.1549,0.8082,300.8,5.707,122.8,4.811
1114,Threshold,Progressive Metal,35,90.64,99,38231,0,0,0,0,0,0,0,0,0,0,1,0,0,24199,2922,244.4,29.52,386.2,0.633,0.07643,1887,24199,2922,0.1207,0.7906,196.3,5.279,106,4.663
148,Deicide,Death Metal,168,73.17,111,23314,0,1,0,0,0,0,0,0,0,0,0,0,0,21348,2779,192.3,25.04,210,0.9157,0.1192,1889,21348,2779,0.1302,0.7955,349.5,5.857,96.12,4.566
390,Graveland,"Black Metal (early), Pagan/Viking Metal (later)",68,83.08,64,32061,1,0,0,0,0,0,0,0,0,0,0,0,0,12712,2057,198.6,32.14,501,0.3965,0.06416,1897,12712,2057,0.1618,0.8073,424.3,6.05,88.82,4.487
61,Moonspell,Black Metal (early); Gothic Metal (later),70,80.27,89,25894,1,0,0,0,0,1,0,0,0,0,0,0,0,12881,2129,144.7,23.92,290.9,0.4975,0.08222,1905,12881,2129,0.1653,0.8098,162.6,5.091,110.1,4.702
97,Judas Priest,Heavy Metal,297,78.56,185,51177,0,0,0,0,0,0,0,1,0,0,0,0,0,29959,3673,161.9,19.85,276.6,0.5854,0.07177,1905,29959,3673,0.1226,0.7964,184,5.215,129,4.86
39,Nightwish,Symphonic Power Metal,150,75.38,76,25763,0,0,0,0,0,0,0,0,0,1,0,1,0,13968,2339,183.8,30.78,339,0.5422,0.09079,1905,13968,2339,0.1675,0.8128,285.4,5.654,101.2,4.617
267,Scanner,Heavy/Power Metal,28,78.83,50,15652,0,0,0,0,0,0,0,1,0,1,0,0,0,10604,1972,212.1,39.44,313,0.6775,0.126,1915,10604,1972,0.186,0.8185,269,5.595,132.1,4.883
68,Morbid Angel,Death Metal,176,74.4,89,24075,0,1,0,0,0,0,0,0,0,0,0,0,0,13491,2369,151.6,26.62,270.5,0.5604,0.0984,1917,13491,2369,0.1756,0.8171,333.7,5.81,110.8,4.708
31,Samael,"Black Metal (early), Electronic/Industrial Metal (later)",71,82.27,108,25426,1,0,0,0,0,0,0,0,0,0,0,0,0,17858,2576,165.4,23.85,235.4,0.7024,0.1013,1920,17858,2576,0.1442,0.8022,185.4,5.222,114.2,4.738
2332,Insomnium,Melodic Death Metal,72,89.5,61,22928,0,1,0,0,0,0,0,0,0,0,0,0,0,10507,1954,172.2,32.03,375.9,0.4583,0.08522,1927,10507,1954,0.186,0.8183,407.6,6.01,106.2,4.666
314,Rotting Christ,"Grindcore, Black Metal (early); Gothic Metal (mid); Melodic Black Metal (later)",101,85.42,93,27083,1,0,0,0,0,1,1,0,0,0,0,0,0,14011,2377,150.7,25.56,291.2,0.5173,0.08777,1931,14011,2377,0.1697,0.8142,183.7,5.213,102.8,4.633
194,Immolation,Death Metal,96,87.6,88,23761,0,1,0,0,0,0,0,0,0,0,0,0,0,13667,2475,155.3,28.12,270,0.5752,0.1042,1943,13667,2475,0.1811,0.8206,437,6.08,122.6,4.809
10,Arch Enemy,Melodic Death Metal,118,71.2,91,24960,0,1,0,0,0,0,0,0,0,0,0,0,0,10876,2041,119.5,22.43,274.3,0.4357,0.08177,1958,10876,2041,0.1877,0.82,260.9,5.564,120.5,4.791
128,Venom,NWOBHM/Black/Speed Metal,104,74.92,135,33105,1,0,0,0,0,0,0,0,0,0,0,0,0,19142,3174,141.8,23.51,245.2,0.5782,0.09588,1979,19142,3174,0.1658,0.8178,353.7,5.869,132.1,4.883
3666,Draconian,Gothic/Doom/Death Metal,37,85.67,51,20697,0,1,0,1,0,1,0,0,0,0,0,0,0,10042,1980,196.9,38.82,405.8,0.4852,0.09567,1979,10042,1980,0.1972,0.8238,386.7,5.958,104.5,4.65
604,Fates Warning,"Power/Progressive Metal (early), Progressive Metal (later)",70,84.11,66,24719,0,0,0,0,0,0,0,0,0,1,1,0,0,11137,2055,168.7,31.14,374.5,0.4505,0.08313,1991,11137,2055,0.1845,0.8186,221.4,5.4,125.7,4.834
7,Entombed,Death Metal/Death 'n' Roll,60,78.44,97,20969,0,1,0,0,0,0,0,0,0,0,0,0,0,13009,2290,134.1,23.61,216.2,0.6204,0.1092,2006,13009,2290,0.176,0.8166,217.4,5.382,117.6,4.767
702,Kalmah,Melodic Death/Power Metal,57,83.62,71,20346,0,1,0,0,0,0,0,0,0,1,0,0,0,10403,2054,146.5,28.93,286.6,0.5113,0.101,2011,10403,2054,0.1974,0.8246,254.9,5.541,108.1,4.683
487,Suidakra,Melodic Death/Black/Folk Metal,41,77.55,89,23887,1,1,0,0,1,0,0,0,0,0,0,0,0,14116,2423,158.6,27.22,268.4,0.5909,0.1014,2029,14116,2423,0.1716,0.8156,374,5.924,108.6,4.688
157,Kreator,Thrash Metal,203,80.29,130,34548,0,0,0,0,0,0,0,0,0,0,0,0,1,22066,2947,169.7,22.67,265.8,0.6387,0.0853,2032,22066,2947,0.1336,0.7987,253.4,5.535,132.4,4.886
306,Running Wild,Heavy/Power/Speed Metal,99,76.2,147,44784,0,0,0,0,0,0,0,1,0,1,0,0,0,26421,3383,179.7,23.01,304.7,0.59,0.07554,2046,26421,3383,0.128,0.7981,244,5.497,99.45,4.6
859,Tiamat,"Death/Doom Metal (early), Gothic Metal/Rock (later)",36,82.7,90,26114,0,1,0,1,0,1,0,0,0,0,0,0,0,11261,2163,125.1,24.03,290.2,0.4312,0.08283,2054,11261,2163,0.1921,0.8232,337.6,5.822,104.4,4.649
85,The Haunted,Melodic Death/Groove Metal,44,66.44,98,21864,0,1,0,0,0,0,0,0,0,0,0,0,0,15627,2533,159.5,25.85,223.1,0.7147,0.1159,2057,15627,2533,0.1621,0.8116,250.8,5.525,122.9,4.811
179,Death Angel,Thrash Metal,70,78.38,77,21848,0,0,0,0,0,0,0,0,0,0,0,0,1,13575,2463,176.3,31.99,283.7,0.6213,0.1127,2060,13575,2463,0.1814,0.8206,322.1,5.775,134.3,4.9
34,Candlemass,Epic Doom Metal,109,86.75,89,31383,0,0,0,1,0,0,0,0,0,0,0,0,0,13425,2455,150.8,27.58,352.6,0.4278,0.07823,2061,13425,2455,0.1829,0.8213,340.6,5.831,92.13,4.523
155,Destruction,Thrash Metal,101,73.77,115,30654,0,0,0,0,0,0,0,0,0,0,0,0,1,18935,2963,164.7,25.77,266.6,0.6177,0.09666,2080,18935,2963,0.1565,0.8117,220.4,5.395,129.2,4.862
386,Marduk,Black Metal,136,80.64,121,33291,1,0,0,0,0,0,0,0,0,0,0,0,0,19798,3368,163.6,27.83,275.1,0.5947,0.1012,2087,19798,3368,0.1701,0.821,315.2,5.753,104.9,4.653
535,Tankard,Thrash Metal,96,79.29,146,38493,0,0,0,0,0,0,0,0,0,0,0,0,1,30507,3843,209,26.32,263.7,0.7925,0.09984,2089,30507,3843,0.126,0.7994,189,5.242,141.3,4.951
104,Enslaved,Progressive Black/Viking Metal,152,83.5,83,33547,1,0,0,0,0,0,0,0,0,0,1,0,0,12854,2470,154.9,29.76,404.2,0.3832,0.07363,2100,12854,2470,0.1922,0.8257,424.7,6.051,114,4.736
998,Sinister,Death Metal,32,77,98,26667,0,1,0,0,0,0,0,0,0,0,0,0,0,13993,2708,142.8,27.63,272.1,0.5247,0.1015,2104,13993,2708,0.1935,0.828,252.7,5.532,103.6,4.641
542,Anvil,Heavy/Power Metal,50,73.69,148,37183,0,0,0,0,0,0,0,1,0,1,0,0,0,21937,3381,148.2,22.84,251.2,0.59,0.09093,2109,21937,3381,0.1541,0.8129,200.9,5.303,117.7,4.768
142,Helstar,Power/Speed Metal,61,83.78,75,21808,0,0,0,0,0,0,0,0,0,1,0,0,0,13068,2567,174.2,34.23,290.8,0.5992,0.1177,2110,13068,2567,0.1964,0.8283,477.9,6.169,110.6,4.706
1,Amorphis,"Progressive/Death/Doom Metal (early), Melodic Heavy Metal/Rock (later)",132,85.62,130,37115,0,1,0,1,0,0,0,1,0,0,1,0,0,16477,2647,126.7,20.36,285.5,0.4439,0.07132,2113,16477,2647,0.1606,0.8117,192.6,5.261,86.27,4.457
38,Opeth,"Progressive Death Metal, Progressive Rock",240,77.54,95,44258,0,1,0,0,0,0,0,0,0,0,1,0,0,13710,2547,144.3,26.81,465.9,0.3098,0.05755,2115,13710,2547,0.1858,0.8233,468.4,6.149,115,4.745
138,Megadeth,Speed/Thrash Metal (early/later); Heavy Metal/Rock (mid),344,73.2,134,34934,0,0,0,0,0,0,0,1,0,0,0,0,1,24692,3430,184.3,25.6,260.7,0.7068,0.09819,2119,24692,3430,0.1389,0.8048,260.2,5.562,118.6,4.776
173,Exodus,Thrash Metal,156,75.6,91,30714,0,0,0,0,0,0,0,0,0,0,0,0,1,18148,3366,199.4,36.99,337.5,0.5909,0.1096,2128,18148,3366,0.1855,0.8282,480.9,6.176,117.7,4.768
7477,Municipal Waste,Thrash Metal/Crossover,46,77.2,68,7479,0,0,0,0,0,0,0,0,0,0,0,0,1,10520,2220,154.7,32.65,110,1.407,0.2968,2130,10520,2220,0.211,0.832,529.8,6.272,137.8,4.926
1702,Melvins,"Sludge Metal, Various",29,85.59,133,32447,0,0,0,0,0,0,0,0,0,0,0,0,0,12564,2368,94.47,17.8,244,0.3872,0.07298,2152,12564,2368,0.1885,0.8232,279,5.631,120.2,4.789
4280,Master,Death/Thrash Metal,33,81.4,113,26699,0,1,0,0,0,0,0,0,0,0,0,0,1,10591,2265,93.73,20.04,236.3,0.3967,0.08483,2173,10591,2265,0.2139,0.8336,427.7,6.059,123.4,4.816
11,In Flames,"Melodic Death Metal (early), Melodic Groove Metal/Metalcore/Alternative Rock (later)",179,59.67,130,30808,0,1,0,0,0,0,0,0,1,0,0,0,0,17423,2661,134,20.47,237,0.5655,0.08637,2175,17423,2661,0.1527,0.8076,257.6,5.551,102.3,4.628
1153,Enthroned,Black Metal,40,77.78,62,17382,1,0,0,0,0,0,0,0,0,0,0,0,0,10115,2201,163.1,35.5,280.4,0.5819,0.1266,2185,10115,2201,0.2176,0.8346,413.8,6.025,89.75,4.497
197,Krisiun,Death Metal,55,78.7,87,23709,0,1,0,0,0,0,0,0,0,0,0,0,0,13004,2551,149.5,29.32,272.5,0.5485,0.1076,2186,13004,2551,0.1962,0.8281,607.1,6.409,85.43,4.448
186,Cannibal Corpse,Death Metal,210,79,155,32398,0,1,0,0,0,0,0,0,0,0,0,0,0,30442,4505,196.4,29.06,209,0.9396,0.1391,2188,30442,4505,0.148,0.8149,369.1,5.911,163.8,5.099
139,Nile,Brutal/Technical Death Metal,122,82.11,72,21846,0,1,0,0,0,0,0,0,0,0,0,0,0,12007,2559,166.8,35.54,303.4,0.5496,0.1171,2192,12007,2559,0.2131,0.8354,366.9,5.905,87.66,4.473
12,Bal-Sagoth,Symphonic/Epic Black Metal,40,88.33,51,16021,1,0,0,0,0,0,0,0,0,0,0,1,0,21408,3774,419.8,74,314.1,1.336,0.2356,2198,21408,3774,0.1763,0.8259,632.9,6.45,86.13,4.456
1094,Jungle Rot,Death Metal,32,81.67,93,16908,0,1,0,0,0,0,0,0,0,0,0,0,0,11216,2467,120.6,26.53,181.8,0.6634,0.1459,2207,11216,2467,0.22,0.8376,468.6,6.15,143.6,4.967
315,Razor,Speed/Thrash Metal,57,83.88,82,17524,0,0,0,0,0,0,0,0,0,0,0,0,1,13842,2695,168.8,32.87,213.7,0.7899,0.1538,2231,13842,2695,0.1947,0.8284,593.4,6.386,122.3,4.806
59,Lamb of God,Groove Metal/Metalcore,102,67.71,70,17703,0,0,0,0,0,0,0,0,1,0,0,0,0,11831,2507,169,35.81,252.9,0.6683,0.1416,2237,11831,2507,0.2119,0.8346,305.4,5.722,118.5,4.775
419,Sodom,"Black/Speed Metal (early), Thrash Metal (later)",177,81.13,148,34897,1,0,0,0,0,0,0,0,0,0,0,0,1,26055,3863,176,26.1,235.8,0.7466,0.1107,2253,26055,3863,0.1483,0.8123,273,5.61,126,4.836
958,Tourniquet,Thrash/Heavy Metal,35,78.22,97,30243,0,0,0,0,0,0,0,1,0,0,0,0,1,15698,3045,161.8,31.39,311.8,0.5191,0.1007,2256,15698,3045,0.194,0.8302,464.6,6.141,135.2,4.907
74,Falconer,Folk/Power Metal,60,84.12,71,19852,0,0,0,0,1,0,0,0,0,1,0,0,0,10127,2283,142.6,32.15,279.6,0.5101,0.115,2260,10127,2283,0.2254,0.8385,536.1,6.284,101.9,4.624
119,Suffocation,Brutal/Technical Death Metal,104,85,67,17342,0,1,0,0,0,0,0,0,0,0,0,0,0,11964,2521,178.6,37.63,258.8,0.6899,0.1454,2290,11964,2521,0.2107,0.8342,514.2,6.243,122.1,4.805
145,Vader,Death/Thrash Metal,84,84.45,104,21967,0,1,0,0,0,0,0,0,0,0,0,0,1,14469,2782,139.1,26.75,211.2,0.6587,0.1266,2298,14469,2782,0.1923,0.8279,461,6.133,110.4,4.704
892,Septicflesh,Atmospheric/Symphonic Death Metal,57,87.88,75,21365,0,1,0,0,0,0,0,0,0,0,0,1,0,10589,2372,141.2,31.63,284.9,0.4956,0.111,2314,10589,2372,0.224,0.8386,283.3,5.647,100.4,4.609
8,Dark Tranquillity,Melodic Death Metal,116,74.36,115,30156,0,1,0,0,0,0,0,0,0,0,0,0,0,21902,3432,190.5,29.84,262.2,0.7263,0.1138,2316,21902,3432,0.1567,0.8146,270.5,5.6,108,4.682
58,Skyclad,Folk Metal,50,80.6,102,25903,0,0,0,0,1,0,0,0,0,0,0,0,0,26550,4267,260.3,41.83,254,1.025,0.1647,2328,26550,4267,0.1607,0.8205,366.8,5.905,133.1,4.891
2107,Necrodeath,Black/Death/Thrash Metal,30,78.36,77,19257,1,1,0,0,0,0,0,0,0,0,0,0,1,10012,2335,130,30.32,250.1,0.5199,0.1213,2335,10012,2335,0.2332,0.842,270.2,5.599,108.2,4.684
115,Voivod,"Thrash Metal (early), Progressive Metal (later)",79,83,103,32612,0,0,0,0,0,0,0,0,0,0,1,0,1,15387,2965,149.4,28.79,316.6,0.4718,0.09092,2355,15387,2965,0.1927,0.8292,430.6,6.065,141.5,4.952
2381,Goatwhore,Black/Death/Thrash Metal,36,77.71,72,15928,1,1,0,0,0,0,0,0,0,0,0,0,1,16006,3134,222.3,43.53,221.2,1.005,0.1968,2364,16006,3134,0.1958,0.8316,789.8,6.672,70.18,4.251
72,Slayer,Thrash Metal,255,73.17,112,24961,0,0,0,0,0,0,0,0,0,0,0,0,1,21453,3417,191.5,30.51,222.9,0.8595,0.1369,2377,21453,3417,0.1593,0.8158,374.1,5.925,124.7,4.826
296,The Lord Weird Slough Feg,Heavy Metal,51,86.7,86,19866,0,0,0,0,0,0,0,1,0,0,0,0,0,10118,2425,117.7,28.2,231,0.5093,0.1221,2405,10118,2425,0.2397,0.8451,597.7,6.393,109,4.691
79,Origin,Technical Brutal Death Metal,77,73.29,63,13539,0,1,0,0,0,0,0,0,0,0,0,0,0,13213,3239,209.7,51.41,214.9,0.9759,0.2392,2443,13213,3239,0.2451,0.8518,648.5,6.475,156.1,5.05
175,Malevolent Creation,Death Metal,69,81.75,123,28742,0,1,0,0,0,0,0,0,0,0,0,0,0,18294,3329,148.7,27.07,233.7,0.6365,0.1158,2452,18294,3329,0.182,0.8264,445.5,6.099,182.3,5.206
263,Behemoth,Black Metal (early); Black/Death Metal (later),122,79.22,72,19827,1,1,0,0,0,0,0,0,0,0,0,0,0,10602,2556,147.2,35.5,275.4,0.5347,0.1289,2485,10602,2556,0.2411,0.8465,546.8,6.304,119.1,4.78
5450,The Black Dahlia Murder,Melodic Death Metal,73,83.75,78,17441,0,1,0,0,0,0,0,0,0,0,0,0,0,19984,4008,256.2,51.38,223.6,1.146,0.2298,2494,19984,4008,0.2006,0.8378,599.6,6.396,131.5,4.879
187,Psycroptic,Technical Death Metal,38,81,54,15017,0,1,0,0,0,0,0,0,0,0,0,0,0,13462,2984,249.3,55.26,278.1,0.8965,0.1987,2542,13462,2984,0.2217,0.8415,619.9,6.43,143,4.963
21,Meshuggah,"Technical Groove/Thrash Metal (early), Djent (later)",108,75.14,72,24300,0,0,0,0,0,0,0,0,0,0,0,0,1,11533,2962,160.2,41.14,337.5,0.4746,0.1219,2593,11533,2962,0.2568,0.8547,1018,6.926,132.9,4.889
213,Aborted,Death Metal,57,76.8,92,20847,0,1,0,0,0,0,0,0,0,0,0,0,0,15564,3359,169.2,36.51,226.6,0.7466,0.1611,2600,15564,3359,0.2158,0.8412,365,5.9,124.3,4.823
143,Exhumed,Death Metal/Grindcore,34,81,72,13765,0,1,0,0,0,0,1,0,0,0,0,0,0,15598,3542,216.6,49.19,191.2,1.133,0.2573,2771,15598,3542,0.2271,0.8465,541.8,6.295,133.4,4.893
45,Dying Fetus,Brutal Death Metal/Grindcore,66,79.75,62,16783,0,1,0,0,0,0,1,0,0,0,0,0,0,15049,3968,242.7,64,270.7,0.8967,0.2364,2794,15049,3968,0.2637,0.8614,1183,7.076,157.9,5.062
829,Deeds of Flesh,Technical/Brutal Death Metal,28,85.88,67,17093,0,1,0,0,0,0,0,0,0,0,0,0,0,10164,2846,151.7,42.48,255.1,0.5946,0.1665,2798,10164,2846,0.28,0.862,513.5,6.241,138.7,4.933
24,Cradle of Filth,"Death Metal (early), Symphonic Black Metal (mid), Extreme Gothic Metal (later)",157,75.77,126,44097,1,1,0,0,0,1,0,0,0,0,0,1,0,41690,6525,330.9,51.79,350,0.9454,0.148,2849,41690,6525,0.1565,0.8257,874.1,6.773,123.8,4.819
2840,Cattle Decapitation,Progressive Death Metal/Grindcore,76,76.38,85,16599,0,1,0,0,0,0,1,0,0,0,1,0,0,13364,3523,157.2,41.45,195.3,0.8051,0.2122,2949,13364,3523,0.2636,0.8597,618.5,6.427,123.4,4.816
219,Napalm Death,"Hardcore Punk (early), Grindcore/Death Metal (later)",138,78.2,204,34363,0,1,0,0,0,0,1,0,0,0,0,0,0,20135,4951,98.7,24.27,168.4,0.586,0.1441,2980,20135,4951,0.2459,0.8584,603,6.402,146,4.983
17,Cryptopsy,"Brutal/Technical Death Metal, Deathcore (2008)",124,71,62,15993,0,1,1,0,0,0,0,0,0,0,0,0,0,10516,3084,169.6,49.74,258,0.6575,0.1928,3004,10516,3084,0.2933,0.8675,741.4,6.609,151.6,5.021
